{
    "city": "Washington, DC", 
    "stations": [
        {
            "bikes": 6, 
            "free": 4, 
            "id": 0
        }, 
        {
            "bikes": 8, 
            "free": 3, 
            "id": 1
        }, 
        {
            "bikes": 6, 
            "free": 9, 
            "id": 2
        }, 
        {
            "bikes": 8, 
            "free": 3, 
            "id": 3
        }, 
        {
            "bikes": 10, 
            "free": 1, 
            "id": 4
        }, 
        {
            "bikes": 4, 
            "free": 15, 
            "id": 5
        }, 
        {
            "bikes": 6, 
            "free": 5, 
            "id": 6
        }, 
        {
            "bikes": 6, 
            "free": 13, 
            "id": 7
        }, 
        {
            "bikes": 7, 
            "free": 4, 
            "id": 8
        }, 
        {
            "bikes": 7, 
            "free": 12, 
            "id": 9
        }, 
        {
            "bikes": 8, 
            "free": 3, 
            "id": 10
        }, 
        {
            "bikes": 7, 
            "free": 10, 
            "id": 11
        }, 
        {
            "bikes": 3, 
            "free": 8, 
            "id": 12
        }, 
        {
            "bikes": 10, 
            "free": 5, 
            "id": 13
        }, 
        {
            "bikes": 7, 
            "free": 20, 
            "id": 14
        }, 
        {
            "bikes": 16, 
            "free": 9, 
            "id": 15
        }, 
        {
            "bikes": 13, 
            "free": 19, 
            "id": 16
        }, 
        {
            "bikes": 9, 
            "free": 6, 
            "id": 17
        }, 
        {
            "bikes": 11, 
            "free": 8, 
            "id": 18
        }, 
        {
            "bikes": 9, 
            "free": 14, 
            "id": 19
        }, 
        {
            "bikes": 13, 
            "free": 6, 
            "id": 20
        }, 
        {
            "bikes": 12, 
            "free": 11, 
            "id": 21
        }, 
        {
            "bikes": 6, 
            "free": 12, 
            "id": 22
        }, 
        {
            "bikes": 8, 
            "free": 7, 
            "id": 23
        }, 
        {
            "bikes": 8, 
            "free": 15, 
            "id": 24
        }, 
        {
            "bikes": 5, 
            "free": 10, 
            "id": 25
        }, 
        {
            "bikes": 9, 
            "free": 26, 
            "id": 26
        }, 
        {
            "bikes": 10, 
            "free": 4, 
            "id": 27
        }, 
        {
            "bikes": 9, 
            "free": 2, 
            "id": 28
        }, 
        {
            "bikes": 4, 
            "free": 7, 
            "id": 29
        }, 
        {
            "bikes": 9, 
            "free": 10, 
            "id": 30
        }, 
        {
            "bikes": 7, 
            "free": 8, 
            "id": 31
        }, 
        {
            "bikes": 11, 
            "free": 7, 
            "id": 32
        }, 
        {
            "bikes": 4, 
            "free": 7, 
            "id": 33
        }, 
        {
            "bikes": 5, 
            "free": 6, 
            "id": 34
        }, 
        {
            "bikes": 4, 
            "free": 7, 
            "id": 35
        }, 
        {
            "bikes": 7, 
            "free": 4, 
            "id": 36
        }, 
        {
            "bikes": 6, 
            "free": 5, 
            "id": 37
        }, 
        {
            "bikes": 6, 
            "free": 5, 
            "id": 38
        }, 
        {
            "bikes": 4, 
            "free": 7, 
            "id": 39
        }, 
        {
            "bikes": 4, 
            "free": 7, 
            "id": 40
        }, 
        {
            "bikes": 6, 
            "free": 4, 
            "id": 41
        }, 
        {
            "bikes": 10, 
            "free": 5, 
            "id": 42
        }, 
        {
            "bikes": 7, 
            "free": 4, 
            "id": 43
        }, 
        {
            "bikes": 3, 
            "free": 36, 
            "id": 44
        }, 
        {
            "bikes": 9, 
            "free": 6, 
            "id": 45
        }, 
        {
            "bikes": 7, 
            "free": 8, 
            "id": 46
        }, 
        {
            "bikes": 8, 
            "free": 3, 
            "id": 47
        }, 
        {
            "bikes": 9, 
            "free": 8, 
            "id": 48
        }, 
        {
            "bikes": 8, 
            "free": 36, 
            "id": 49
        }, 
        {
            "bikes": 7, 
            "free": 8, 
            "id": 50
        }, 
        {
            "bikes": 2, 
            "free": 17, 
            "id": 51
        }, 
        {
            "bikes": 10, 
            "free": 9, 
            "id": 52
        }, 
        {
            "bikes": 9, 
            "free": 6, 
            "id": 53
        }, 
        {
            "bikes": 3, 
            "free": 8, 
            "id": 54
        }, 
        {
            "bikes": 11, 
            "free": 4, 
            "id": 55
        }, 
        {
            "bikes": 10, 
            "free": 5, 
            "id": 56
        }, 
        {
            "bikes": 12, 
            "free": 7, 
            "id": 57
        }, 
        {
            "bikes": 11, 
            "free": 4, 
            "id": 58
        }, 
        {
            "bikes": 7, 
            "free": 8, 
            "id": 59
        }, 
        {
            "bikes": 6, 
            "free": 5, 
            "id": 60
        }, 
        {
            "bikes": 9, 
            "free": 6, 
            "id": 61
        }, 
        {
            "bikes": 12, 
            "free": 3, 
            "id": 62
        }, 
        {
            "bikes": 7, 
            "free": 4, 
            "id": 63
        }, 
        {
            "bikes": 6, 
            "free": 5, 
            "id": 64
        }, 
        {
            "bikes": 6, 
            "free": 5, 
            "id": 65
        }, 
        {
            "bikes": 6, 
            "free": 9, 
            "id": 66
        }, 
        {
            "bikes": 3, 
            "free": 16, 
            "id": 67
        }, 
        {
            "bikes": 6, 
            "free": 5, 
            "id": 68
        }, 
        {
            "bikes": 8, 
            "free": 31, 
            "id": 69
        }, 
        {
            "bikes": 8, 
            "free": 11, 
            "id": 70
        }, 
        {
            "bikes": 5, 
            "free": 6, 
            "id": 71
        }, 
        {
            "bikes": 3, 
            "free": 12, 
            "id": 72
        }, 
        {
            "bikes": 5, 
            "free": 10, 
            "id": 73
        }, 
        {
            "bikes": 6, 
            "free": 25, 
            "id": 74
        }, 
        {
            "bikes": 8, 
            "free": 3, 
            "id": 75
        }, 
        {
            "bikes": 0, 
            "free": 19, 
            "id": 76
        }, 
        {
            "bikes": 2, 
            "free": 17, 
            "id": 77
        }, 
        {
            "bikes": 6, 
            "free": 9, 
            "id": 78
        }, 
        {
            "bikes": 16, 
            "free": 11, 
            "id": 79
        }, 
        {
            "bikes": 4, 
            "free": 27, 
            "id": 80
        }, 
        {
            "bikes": 8, 
            "free": 7, 
            "id": 81
        }, 
        {
            "bikes": 9, 
            "free": 10, 
            "id": 82
        }, 
        {
            "bikes": 11, 
            "free": 4, 
            "id": 83
        }, 
        {
            "bikes": 3, 
            "free": 12, 
            "id": 84
        }, 
        {
            "bikes": 3, 
            "free": 20, 
            "id": 85
        }, 
        {
            "bikes": 5, 
            "free": 14, 
            "id": 86
        }, 
        {
            "bikes": 13, 
            "free": 9, 
            "id": 87
        }, 
        {
            "bikes": 7, 
            "free": 4, 
            "id": 88
        }, 
        {
            "bikes": 9, 
            "free": 13, 
            "id": 89
        }, 
        {
            "bikes": 9, 
            "free": 24, 
            "id": 90
        }, 
        {
            "bikes": 4, 
            "free": 7, 
            "id": 91
        }, 
        {
            "bikes": 4, 
            "free": 7, 
            "id": 92
        }, 
        {
            "bikes": 17, 
            "free": 6, 
            "id": 93
        }, 
        {
            "bikes": 13, 
            "free": 6, 
            "id": 94
        }, 
        {
            "bikes": 9, 
            "free": 6, 
            "id": 95
        }, 
        {
            "bikes": 8, 
            "free": 3, 
            "id": 96
        }, 
        {
            "bikes": 17, 
            "free": 7, 
            "id": 97
        }, 
        {
            "bikes": 6, 
            "free": 5, 
            "id": 98
        }, 
        {
            "bikes": 17, 
            "free": 14, 
            "id": 99
        }, 
        {
            "bikes": 4, 
            "free": 18, 
            "id": 100
        }, 
        {
            "bikes": 10, 
            "free": 21, 
            "id": 101
        }, 
        {
            "bikes": 4, 
            "free": 21, 
            "id": 102
        }, 
        {
            "bikes": 7, 
            "free": 12, 
            "id": 103
        }, 
        {
            "bikes": 6, 
            "free": 21, 
            "id": 104
        }, 
        {
            "bikes": 4, 
            "free": 15, 
            "id": 105
        }, 
        {
            "bikes": 6, 
            "free": 9, 
            "id": 106
        }, 
        {
            "bikes": 3, 
            "free": 32, 
            "id": 107
        }, 
        {
            "bikes": 0, 
            "free": 23, 
            "id": 108
        }, 
        {
            "bikes": 13, 
            "free": 6, 
            "id": 109
        }, 
        {
            "bikes": 7, 
            "free": 8, 
            "id": 110
        }, 
        {
            "bikes": 17, 
            "free": 14, 
            "id": 111
        }, 
        {
            "bikes": 16, 
            "free": 7, 
            "id": 112
        }, 
        {
            "bikes": 11, 
            "free": 8, 
            "id": 113
        }, 
        {
            "bikes": 8, 
            "free": 7, 
            "id": 114
        }, 
        {
            "bikes": 10, 
            "free": 13, 
            "id": 115
        }, 
        {
            "bikes": 18, 
            "free": 5, 
            "id": 116
        }, 
        {
            "bikes": 5, 
            "free": 18, 
            "id": 117
        }, 
        {
            "bikes": 9, 
            "free": 6, 
            "id": 118
        }, 
        {
            "bikes": 7, 
            "free": 12, 
            "id": 119
        }, 
        {
            "bikes": 3, 
            "free": 15, 
            "id": 120
        }, 
        {
            "bikes": 7, 
            "free": 8, 
            "id": 121
        }, 
        {
            "bikes": 5, 
            "free": 6, 
            "id": 122
        }, 
        {
            "bikes": 8, 
            "free": 7, 
            "id": 123
        }, 
        {
            "bikes": 7, 
            "free": 4, 
            "id": 124
        }, 
        {
            "bikes": 4, 
            "free": 11, 
            "id": 125
        }, 
        {
            "bikes": 1, 
            "free": 14, 
            "id": 126
        }, 
        {
            "bikes": 4, 
            "free": 10, 
            "id": 127
        }, 
        {
            "bikes": 14, 
            "free": 5, 
            "id": 128
        }, 
        {
            "bikes": 2, 
            "free": 21, 
            "id": 129
        }, 
        {
            "bikes": 23, 
            "free": 10, 
            "id": 130
        }, 
        {
            "bikes": 4, 
            "free": 7, 
            "id": 131
        }, 
        {
            "bikes": 4, 
            "free": 11, 
            "id": 132
        }, 
        {
            "bikes": 6, 
            "free": 11, 
            "id": 133
        }, 
        {
            "bikes": 7, 
            "free": 8, 
            "id": 134
        }, 
        {
            "bikes": 10, 
            "free": 29, 
            "id": 135
        }, 
        {
            "bikes": 5, 
            "free": 14, 
            "id": 136
        }, 
        {
            "bikes": 10, 
            "free": 9, 
            "id": 137
        }, 
        {
            "bikes": 5, 
            "free": 10, 
            "id": 138
        }, 
        {
            "bikes": 13, 
            "free": 2, 
            "id": 139
        }, 
        {
            "bikes": 9, 
            "free": 6, 
            "id": 140
        }, 
        {
            "bikes": 15, 
            "free": 4, 
            "id": 141
        }, 
        {
            "bikes": 8, 
            "free": 11, 
            "id": 142
        }, 
        {
            "bikes": 11, 
            "free": 8, 
            "id": 143
        }, 
        {
            "bikes": 9, 
            "free": 5, 
            "id": 144
        }, 
        {
            "bikes": 8, 
            "free": 7, 
            "id": 145
        }, 
        {
            "bikes": 4, 
            "free": 15, 
            "id": 146
        }, 
        {
            "bikes": 8, 
            "free": 7, 
            "id": 147
        }, 
        {
            "bikes": 5, 
            "free": 10, 
            "id": 148
        }, 
        {
            "bikes": 5, 
            "free": 6, 
            "id": 149
        }, 
        {
            "bikes": 7, 
            "free": 4, 
            "id": 150
        }, 
        {
            "bikes": 8, 
            "free": 7, 
            "id": 151
        }, 
        {
            "bikes": 12, 
            "free": 7, 
            "id": 152
        }, 
        {
            "bikes": 3, 
            "free": 8, 
            "id": 153
        }, 
        {
            "bikes": 7, 
            "free": 4, 
            "id": 154
        }, 
        {
            "bikes": 5, 
            "free": 10, 
            "id": 155
        }, 
        {
            "bikes": 11, 
            "free": 8, 
            "id": 156
        }, 
        {
            "bikes": 9, 
            "free": 5, 
            "id": 157
        }, 
        {
            "bikes": 11, 
            "free": 8, 
            "id": 158
        }, 
        {
            "bikes": 8, 
            "free": 3, 
            "id": 159
        }, 
        {
            "bikes": 6, 
            "free": 9, 
            "id": 160
        }, 
        {
            "bikes": 6, 
            "free": 17, 
            "id": 161
        }, 
        {
            "bikes": 6, 
            "free": 17, 
            "id": 162
        }, 
        {
            "bikes": 10, 
            "free": 5, 
            "id": 163
        }, 
        {
            "bikes": 1, 
            "free": 18, 
            "id": 164
        }, 
        {
            "bikes": 6, 
            "free": 5, 
            "id": 165
        }, 
        {
            "bikes": 4, 
            "free": 11, 
            "id": 166
        }, 
        {
            "bikes": 8, 
            "free": 3, 
            "id": 167
        }, 
        {
            "bikes": 6, 
            "free": 5, 
            "id": 168
        }, 
        {
            "bikes": 6, 
            "free": 13, 
            "id": 169
        }, 
        {
            "bikes": 5, 
            "free": 6, 
            "id": 170
        }, 
        {
            "bikes": 6, 
            "free": 17, 
            "id": 171
        }, 
        {
            "bikes": 9, 
            "free": 6, 
            "id": 172
        }, 
        {
            "bikes": 6, 
            "free": 5, 
            "id": 173
        }, 
        {
            "bikes": 6, 
            "free": 5, 
            "id": 174
        }, 
        {
            "bikes": 6, 
            "free": 5, 
            "id": 175
        }, 
        {
            "bikes": 8, 
            "free": 11, 
            "id": 176
        }, 
        {
            "bikes": 5, 
            "free": 14, 
            "id": 177
        }, 
        {
            "bikes": 6, 
            "free": 13, 
            "id": 178
        }, 
        {
            "bikes": 7, 
            "free": 12, 
            "id": 179
        }, 
        {
            "bikes": 7, 
            "free": 16, 
            "id": 180
        }, 
        {
            "bikes": 0, 
            "free": 19, 
            "id": 181
        }, 
        {
            "bikes": 7, 
            "free": 8, 
            "id": 182
        }, 
        {
            "bikes": 7, 
            "free": 8, 
            "id": 183
        }, 
        {
            "bikes": 8, 
            "free": 7, 
            "id": 184
        }, 
        {
            "bikes": 6, 
            "free": 13, 
            "id": 185
        }, 
        {
            "bikes": 8, 
            "free": 6, 
            "id": 186
        }, 
        {
            "bikes": 8, 
            "free": 9, 
            "id": 187
        }, 
        {
            "bikes": 14, 
            "free": 4, 
            "id": 188
        }, 
        {
            "bikes": 14, 
            "free": 5, 
            "id": 189
        }, 
        {
            "bikes": 7, 
            "free": 8, 
            "id": 190
        }, 
        {
            "bikes": 1, 
            "free": 14, 
            "id": 191
        }, 
        {
            "bikes": 3, 
            "free": 12, 
            "id": 192
        }, 
        {
            "bikes": 7, 
            "free": 4, 
            "id": 193
        }, 
        {
            "bikes": 8, 
            "free": 3, 
            "id": 194
        }, 
        {
            "bikes": 4, 
            "free": 7, 
            "id": 195
        }, 
        {
            "bikes": 5, 
            "free": 20, 
            "id": 196
        }, 
        {
            "bikes": 8, 
            "free": 7, 
            "id": 197
        }, 
        {
            "bikes": 8, 
            "free": 11, 
            "id": 198
        }, 
        {
            "bikes": 11, 
            "free": 4, 
            "id": 199
        }, 
        {
            "bikes": 8, 
            "free": 7, 
            "id": 200
        }, 
        {
            "bikes": 11, 
            "free": 12, 
            "id": 201
        }, 
        {
            "bikes": 5, 
            "free": 10, 
            "id": 202
        }, 
        {
            "bikes": 2, 
            "free": 9, 
            "id": 203
        }, 
        {
            "bikes": 10, 
            "free": 5, 
            "id": 204
        }, 
        {
            "bikes": 12, 
            "free": 11, 
            "id": 205
        }, 
        {
            "bikes": 10, 
            "free": 5, 
            "id": 206
        }, 
        {
            "bikes": 13, 
            "free": 6, 
            "id": 207
        }, 
        {
            "bikes": 12, 
            "free": 7, 
            "id": 208
        }, 
        {
            "bikes": 11, 
            "free": 8, 
            "id": 209
        }, 
        {
            "bikes": 7, 
            "free": 4, 
            "id": 210
        }, 
        {
            "bikes": 5, 
            "free": 5, 
            "id": 211
        }, 
        {
            "bikes": 3, 
            "free": 8, 
            "id": 212
        }, 
        {
            "bikes": 5, 
            "free": 5, 
            "id": 213
        }, 
        {
            "bikes": 7, 
            "free": 8, 
            "id": 214
        }, 
        {
            "bikes": 5, 
            "free": 6, 
            "id": 215
        }, 
        {
            "bikes": 8, 
            "free": 7, 
            "id": 216
        }, 
        {
            "bikes": 2, 
            "free": 17, 
            "id": 217
        }, 
        {
            "bikes": 4, 
            "free": 7, 
            "id": 218
        }, 
        {
            "bikes": 14, 
            "free": 8, 
            "id": 219
        }, 
        {
            "bikes": 0, 
            "free": 19, 
            "id": 220
        }, 
        {
            "bikes": 3, 
            "free": 12, 
            "id": 221
        }, 
        {
            "bikes": 6, 
            "free": 5, 
            "id": 222
        }, 
        {
            "bikes": 11, 
            "free": 4, 
            "id": 223
        }, 
        {
            "bikes": 6, 
            "free": 5, 
            "id": 224
        }, 
        {
            "bikes": 8, 
            "free": 7, 
            "id": 225
        }, 
        {
            "bikes": 9, 
            "free": 6, 
            "id": 226
        }, 
        {
            "bikes": 11, 
            "free": 8, 
            "id": 227
        }, 
        {
            "bikes": 6, 
            "free": 9, 
            "id": 228
        }, 
        {
            "bikes": 3, 
            "free": 8, 
            "id": 229
        }, 
        {
            "bikes": 5, 
            "free": 6, 
            "id": 230
        }, 
        {
            "bikes": 8, 
            "free": 3, 
            "id": 231
        }, 
        {
            "bikes": 12, 
            "free": 3, 
            "id": 232
        }, 
        {
            "bikes": 11, 
            "free": 12, 
            "id": 233
        }, 
        {
            "bikes": 5, 
            "free": 6, 
            "id": 234
        }, 
        {
            "bikes": 5, 
            "free": 9, 
            "id": 235
        }, 
        {
            "bikes": 7, 
            "free": 4, 
            "id": 236
        }, 
        {
            "bikes": 5, 
            "free": 6, 
            "id": 237
        }, 
        {
            "bikes": 8, 
            "free": 7, 
            "id": 238
        }, 
        {
            "bikes": 7, 
            "free": 8, 
            "id": 239
        }, 
        {
            "bikes": 9, 
            "free": 6, 
            "id": 240
        }, 
        {
            "bikes": 12, 
            "free": 7, 
            "id": 241
        }, 
        {
            "bikes": 6, 
            "free": 21, 
            "id": 242
        }, 
        {
            "bikes": 1, 
            "free": 24, 
            "id": 243
        }, 
        {
            "bikes": 1, 
            "free": 14, 
            "id": 244
        }, 
        {
            "bikes": 7, 
            "free": 8, 
            "id": 245
        }, 
        {
            "bikes": 8, 
            "free": 4, 
            "id": 246
        }, 
        {
            "bikes": 10, 
            "free": 5, 
            "id": 247
        }, 
        {
            "bikes": 5, 
            "free": 6, 
            "id": 248
        }, 
        {
            "bikes": 7, 
            "free": 8, 
            "id": 249
        }, 
        {
            "bikes": 9, 
            "free": 10, 
            "id": 250
        }, 
        {
            "bikes": 5, 
            "free": 6, 
            "id": 251
        }, 
        {
            "bikes": 10, 
            "free": 9, 
            "id": 252
        }, 
        {
            "bikes": 8, 
            "free": 11, 
            "id": 253
        }, 
        {
            "bikes": 5, 
            "free": 6, 
            "id": 254
        }, 
        {
            "bikes": 7, 
            "free": 8, 
            "id": 255
        }, 
        {
            "bikes": 7, 
            "free": 4, 
            "id": 256
        }, 
        {
            "bikes": 5, 
            "free": 6, 
            "id": 257
        }, 
        {
            "bikes": 10, 
            "free": 5, 
            "id": 258
        }, 
        {
            "bikes": 12, 
            "free": 7, 
            "id": 259
        }, 
        {
            "bikes": 7, 
            "free": 12, 
            "id": 260
        }, 
        {
            "bikes": 5, 
            "free": 6, 
            "id": 261
        }, 
        {
            "bikes": 10, 
            "free": 9, 
            "id": 262
        }, 
        {
            "bikes": 7, 
            "free": 8, 
            "id": 263
        }, 
        {
            "bikes": 6, 
            "free": 13, 
            "id": 264
        }, 
        {
            "bikes": 5, 
            "free": 13, 
            "id": 265
        }, 
        {
            "bikes": 2, 
            "free": 13, 
            "id": 266
        }, 
        {
            "bikes": 8, 
            "free": 7, 
            "id": 267
        }, 
        {
            "bikes": 7, 
            "free": 8, 
            "id": 268
        }, 
        {
            "bikes": 7, 
            "free": 8, 
            "id": 269
        }, 
        {
            "bikes": 7, 
            "free": 8, 
            "id": 270
        }, 
        {
            "bikes": 7, 
            "free": 8, 
            "id": 271
        }, 
        {
            "bikes": 7, 
            "free": 8, 
            "id": 272
        }, 
        {
            "bikes": 7, 
            "free": 8, 
            "id": 273
        }, 
        {
            "bikes": 8, 
            "free": 7, 
            "id": 274
        }, 
        {
            "bikes": 12, 
            "free": 9, 
            "id": 275
        }, 
        {
            "bikes": 4, 
            "free": 7, 
            "id": 276
        }, 
        {
            "bikes": 7, 
            "free": 8, 
            "id": 277
        }, 
        {
            "bikes": 11, 
            "free": 4, 
            "id": 278
        }, 
        {
            "bikes": 7, 
            "free": 8, 
            "id": 279
        }, 
        {
            "bikes": 4, 
            "free": 7, 
            "id": 280
        }, 
        {
            "bikes": 6, 
            "free": 5, 
            "id": 281
        }, 
        {
            "bikes": 7, 
            "free": 8, 
            "id": 282
        }, 
        {
            "bikes": 6, 
            "free": 9, 
            "id": 283
        }, 
        {
            "bikes": 6, 
            "free": 9, 
            "id": 284
        }, 
        {
            "bikes": 11, 
            "free": 8, 
            "id": 285
        }, 
        {
            "bikes": 6, 
            "free": 9, 
            "id": 286
        }, 
        {
            "bikes": 6, 
            "free": 5, 
            "id": 287
        }, 
        {
            "bikes": 8, 
            "free": 7, 
            "id": 288
        }, 
        {
            "bikes": 7, 
            "free": 11, 
            "id": 289
        }, 
        {
            "bikes": 6, 
            "free": 9, 
            "id": 290
        }, 
        {
            "bikes": 13, 
            "free": 6, 
            "id": 291
        }, 
        {
            "bikes": 12, 
            "free": 7, 
            "id": 292
        }, 
        {
            "bikes": 5, 
            "free": 6, 
            "id": 293
        }, 
        {
            "bikes": 5, 
            "free": 10, 
            "id": 294
        }, 
        {
            "bikes": 3, 
            "free": 14, 
            "id": 295
        }, 
        {
            "bikes": 7, 
            "free": 4, 
            "id": 296
        }, 
        {
            "bikes": 6, 
            "free": 9, 
            "id": 297
        }, 
        {
            "bikes": 7, 
            "free": 12, 
            "id": 298
        }, 
        {
            "bikes": 11, 
            "free": 8, 
            "id": 299
        }, 
        {
            "bikes": 8, 
            "free": 11, 
            "id": 300
        }, 
        {
            "bikes": 4, 
            "free": 7, 
            "id": 301
        }, 
        {
            "bikes": 9, 
            "free": 6, 
            "id": 302
        }, 
        {
            "bikes": 7, 
            "free": 4, 
            "id": 303
        }, 
        {
            "bikes": 9, 
            "free": 6, 
            "id": 304
        }, 
        {
            "bikes": 8, 
            "free": 7, 
            "id": 305
        }, 
        {
            "bikes": 9, 
            "free": 10, 
            "id": 306
        }, 
        {
            "bikes": 4, 
            "free": 7, 
            "id": 307
        }, 
        {
            "bikes": 5, 
            "free": 8, 
            "id": 308
        }, 
        {
            "bikes": 8, 
            "free": 7, 
            "id": 309
        }, 
        {
            "bikes": 6, 
            "free": 13, 
            "id": 310
        }, 
        {
            "bikes": 5, 
            "free": 14, 
            "id": 311
        }, 
        {
            "bikes": 9, 
            "free": 10, 
            "id": 312
        }, 
        {
            "bikes": 4, 
            "free": 7, 
            "id": 313
        }, 
        {
            "bikes": 8, 
            "free": 7, 
            "id": 314
        }, 
        {
            "bikes": 11, 
            "free": 8, 
            "id": 315
        }, 
        {
            "bikes": 8, 
            "free": 11, 
            "id": 316
        }, 
        {
            "bikes": 8, 
            "free": 11, 
            "id": 317
        }, 
        {
            "bikes": 8, 
            "free": 4, 
            "id": 318
        }
    ], 
    "time": 1398899497, 
    "weather": {
        "Clouds": "", 
        "Conditions": "", 
        "DewpointC": "17.1", 
        "HourlyPrecipMM": "5.6", 
        "Humidity": "97", 
        "PressurehPa": "1011.7", 
        "SoftwareType": "WeatherLink 6.0.3", 
        "TemperatureC": "17.6", 
        "Time": "2014-04-30 19:07:00", 
        "WindDirection": "SSW", 
        "WindDirectionDegrees": "202", 
        "WindSpeedGustKMH": "1.6", 
        "WindSpeedKMH": "0.0", 
        "dailyrainMM": "-2539.7"
    }
}